<?xml version="1.0" encoding="UTF-8"?>
<project default="generate" name="dsl_4webquiz.acceleo">
    <property name="ECLIPSE_HOME" value="../../../../../../Applications/Eclipse Modelling Tools.app/Contents/Eclipse"/>
    <property name="ECLIPSE_WORKSPACE" value="../.."/>

    <!-- The classpath with only the dependencies used by the project -->
    <path id="dsl_4webquiz.acceleo.libraryclasspath">
        <pathelement location="${ECLIPSE_WORKSPACE}/dsl_4webquiz.acceleo/bin"/>
        <pathelement location="${ECLIPSE_HOME}/plugins/org.eclipse.core.runtime_3.11.1.v20150903-1804.jar"/>
        <pathelement location="${ECLIPSE_HOME}/plugins/javax.annotation_1.2.0.v201401042248.jar"/>
        <pathelement location="${ECLIPSE_HOME}/plugins/javax.inject_1.0.0.v20091030.jar"/>
        <pathelement location="${ECLIPSE_HOME}/plugins/org.eclipse.osgi_3.10.102.v20160118-1700.jar"/>
        <pathelement location="${ECLIPSE_HOME}/plugins/org.eclipse.osgi.compatibility.state_1.0.100.v20150402-1551.jar"/>
        <pathelement location="${ECLIPSE_HOME}/plugins/org.eclipse.equinox.common_3.7.0.v20150402-1709.jar"/>
        <pathelement location="${ECLIPSE_HOME}/plugins/org.eclipse.core.jobs_3.7.0.v20150330-2103.jar"/>
        <pathelement location="${ECLIPSE_HOME}/plugins/org.eclipse.core.runtime.compatibility.registry_3.6.0.v20150318-1505/runtime_registry_compatibility.jar"/>
        <pathelement location="${ECLIPSE_HOME}/plugins/org.eclipse.equinox.registry_3.6.0.v20150318-1503.jar"/>
        <pathelement location="${ECLIPSE_HOME}/plugins/org.eclipse.equinox.preferences_3.5.300.v20150408-1437.jar"/>
        <pathelement location="${ECLIPSE_HOME}/plugins/org.eclipse.core.contenttype_3.5.0.v20150421-2214.jar"/>
        <pathelement location="${ECLIPSE_HOME}/plugins/org.eclipse.equinox.app_1.3.300.v20150423-1356.jar"/>
        <pathelement location="${ECLIPSE_HOME}/plugins/org.eclipse.emf.ecore_2.11.2.v20160208-0816.jar"/>
        <pathelement location="${ECLIPSE_HOME}/plugins/org.eclipse.emf.common_2.11.1.v20160208-0816.jar"/>
        <pathelement location="${ECLIPSE_HOME}/plugins/org.eclipse.emf.ecore.xmi_2.11.1.v20160208-0816.jar"/>
        <pathelement location="${ECLIPSE_HOME}/plugins/org.eclipse.ocl_3.5.0.v20150521-1211.jar"/>
        <pathelement location="${ECLIPSE_HOME}/plugins/lpg.runtime.java_2.0.17.v201004271640.jar"/>
        <pathelement location="${ECLIPSE_HOME}/plugins/org.eclipse.ocl.common_1.3.0.v20150519-0914.jar"/>
        <pathelement location="${ECLIPSE_HOME}/plugins/org.eclipse.ocl.ecore_3.5.0.v20150525-1635.jar"/>
        <pathelement location="${ECLIPSE_HOME}/plugins/org.eclipse.acceleo.common_3.6.1.201509091420.jar"/>
        <pathelement location="${ECLIPSE_HOME}/plugins/org.eclipse.acceleo.model_3.6.1.201509091420.jar"/>
        <pathelement location="${ECLIPSE_HOME}/plugins/org.eclipse.acceleo.profiler_3.6.1.201509091420.jar"/>
        <pathelement location="${ECLIPSE_HOME}/plugins/org.eclipse.acceleo.engine_3.6.1.201509091420.jar"/>
        <pathelement location="${ECLIPSE_HOME}/plugins/org.eclipse.emf.codegen.ecore_2.11.1.v20160208-0841.jar"/>
        <pathelement location="${ECLIPSE_HOME}/plugins/org.eclipse.emf.codegen_2.11.0.v20160208-0841.jar"/>
        <pathelement location="${ECLIPSE_HOME}/plugins/com.google.guava_15.0.0.v201403281430.jar"/>
    </path>

    <path id="dsl_4webquiz.acceleo.classpath">
        <path refid="dsl_4webquiz.acceleo.libraryclasspath"/>
    </path>

    <!-- The classpath with only the jars available in the plugin folder of Eclipse -->
    <path id="dsl_4webquiz.acceleo.libraryclasspath.alljars">
        <pathelement location="../dsl_4webquiz.acceleo/bin"/>
        <fileset dir="${ECLIPSE_HOME}/plugins/" includes="*.jar"/>
    </path>

    <path id="dsl_4webquiz.acceleo.classpath.alljars">
        <path refid="dsl_4webquiz.acceleo.libraryclasspath.alljars"/>
    </path>

    <!-- The default task with the jars used by this project -->
    <target name="generate">
        <java classname="dsl_4webquiz.acceleo.main.Generate" classpathref="dsl_4webquiz.acceleo.classpath">
            <arg value="${model}"/>
            <arg value="${target}"/>
        </java>
    </target>

    <!--
        In case of problem you can also try with all the jar available in your Eclipse
        Keep in mind that having two versions of the same jar can create problems
    -->
    <target name="generate.alljars">
        <java classname="dsl_4webquiz.acceleo.main.Generate" classpathref="dsl_4webquiz.acceleo.classpath">
            <arg value="${model}"/>
            <arg value="${target}"/>
        </java>
    </target>
</project>
